theme,url,img,lines,author
,/acer/a315-34-intelceleron-4020-4gb-128gbssd-15-6-siyah-dizustu-bilgisayar-acer-turkiye-garantili-p-329386948,,,
,/dell/inspiron-15-3525-amd-ryzen-5-5625u-8gb-512gb-ssd-15-6-w11-home-laptop-dell-turkiye-garantili-p-304322901,,,
,/huawei/matebook-d15-amd-ryzen-5-5500u-8gb-512gb-ssd-gri-dizustu-bilgisayar-huawei-turkiye-garantili-p-235294620,,,
,/asus/x515jf-ej354-i5-1035g1-8gb-ram-256gb-ssd-2gb-mx130-15-6-fhd-freedos-p-217075285,,,
,/casper/nirvana-c370-4020-4l00x-intel-celeron-n4020-4gb-ram-500-gb-hdd-freedos-15-6-hd-p-357864778,,,
,/lenovo/v14-igl-intel-celeron-n4020-4gb-128gb-ssd-uhd-600-fdos-14-fhd-dizustu-bilgisayar-82c2001htx-p-69098463,,,
,/lenovo/v14-g2-alc-amd-ryzen-7-5700u-16-gb-512-gb-ssd-freedos-14-fhd-82kc004etx028-p-343394005,,,
,/monster/abra-a7-v13-2-3-intel-core-i5-11400h-16gb-ram-500gb-ssd-4gb-rtx3050ti-freedos-17-3-fhd-144hz-p-134174820,,,
,/lenovo/e15-g3-r7-5700u-16gb-1tb-m-2-ssd-15-6-fhd-freedos-tasinabilir-bilgisayar-20yg004mtx-p-137286927,,,
,/casper/excalibur-g770-1245-bfh0x-b-12-nesil-intel-core-i5-12450h-16-gb-ram-1-tb-ssd-4gb-gtx-1650-freedos-p-358993558,,,
,/honor/magicbook-x14-i3-10110u-8gb-ram-256gb-ssd-14-fhd-windows-10-space-gray-nbr-wai9b-p-347748127,,,
,/asus/x515ja-ej2112w-intel-i3-1005g1-4gb-ram-256gb-ssd-15-6-fhd-w11-notebook-p-337376561,,,
,/apple/macbook-air-13-m1-8gb-256gb-ssd-uzay-grisi-dizustu-bilgisayar-p-68042136,,,
,/casper/nirvana-x500-1021-4p00x-g-f-intel-i5-10210u-4gb-ram-250gb-ssd-freedos-15-6-fhd-p-98308905,,,
,/lenovo/v15-82nb003gtx-i5-10210u-8gb-512gb-mx330-ssd-15-6-fhd-windows-10-home-dizustu-bilgisayar-p-320147814,,,
,/monster/semruk-s7-v8-1-2-intel-core-i9-11900k-128gb-ram-6tb-ssd-16gb-rtx3080-windows-11-17-3-uhd-p-101941800,,,
,/acer/aspire-3-a315-23-amd-ryzen-5-3500u-8gb-256-gb-ssd-freedos-15-6-fhd-nx-hvtey-00b-p-79283898,,,
,/huawei/matebook-d15-i5-1135g7-8gb-256gb-ssd-15-6-gri-dizustu-bilgisayar-huawei-turkiye-garantili-p-299082887,,,
,/casper/excalibur-g900-1160-bv60x-b-intel-core-i7-11600h-16gb-ram-500gb-nvme-ssd-6gb-rtx3060-freedos-p-117833073,,,
,/apple/macbook-air-13-m1-8gb-256gb-ssd-altin-p-67940132,,,
,/sorbibilisim/dell-nb-vostro-3510-n8004vn3510-u-i5-1135g7-8gb-512ssd-o-b-15-6-p-367625950,,,
,/monster/abra-a7-v13-2-1-intel-core-i5-11400h-16gb-ram-500gb-ssd-4gb-rtx3050ti-windows-11-17-3-fhd-144hz-p-117488465,,,
,/huawei/matebook-d15-intel-core-i5-1135g7-8gb-512gb-intel-iris-xe-graphics-15-6-windows-laptop-p-308008009,,,
,/monster/abra-a5-v19-3-6-intel-core-i7-12700h-16-gb-ram-1tb-ssd-4gb-rtx3050ti-freedos-15-6-fhd-144hz-p-343039542,,,
